{
	"credit": "Made with Blockbench",
	"texture_size": [128, 128],
	"textures": {
		"0": "gachamachine:block/pokeball_gacha_machine",
		"particle": "gachamachine:block/pokeball_gacha_machine"
	},
	"elements": [
		{
			"from": [1, 0, 1],
			"to": [15, 1, 15],
			"rotation": {"angle": 0, "axis": "y", "origin": [14, -14, 0]},
			"faces": {
				"north": {"uv": [4, 7.5, 5.75, 7.625], "texture": "#0"},
				"east": {"uv": [2.25, 7.5, 4, 7.625], "texture": "#0"},
				"south": {"uv": [7.5, 7.5, 9.25, 7.625], "texture": "#0"},
				"west": {"uv": [5.75, 7.5, 7.5, 7.625], "texture": "#0"},
				"up": {"uv": [5.75, 7.5, 4, 5.75], "texture": "#0"},
				"down": {"uv": [7.5, 5.75, 5.75, 7.5], "texture": "#0"}
			}
		},
		{
			"name": "skypatch",
			"from": [-0.5, 11, 1],
			"to": [15.5, 11, 15],
			"rotation": {"angle": 0, "axis": "y", "origin": [12.5, 11, 3]},
			"faces": {
				"north": {"uv": [12, 8.75, 14, 8.75], "texture": "#0"},
				"east": {"uv": [10.25, 8.75, 12, 8.75], "texture": "#0"},
				"south": {"uv": [15.75, 8.75, 17.75, 8.75], "texture": "#0"},
				"west": {"uv": [14, 8.75, 15.75, 8.75], "texture": "#0"},
				"up": {"uv": [14, 8.75, 12, 7], "texture": "#0"},
				"down": {"uv": [16, 7, 14, 8.75], "texture": "#0"}
			}
		},
		{
			"name": "upper half",
			"from": [2, 3.1, 10.75],
			"to": [5, 5.1, 13.75],
			"rotation": {"angle": 22.5, "axis": "y", "origin": [3.5, 3.35, 12.25]},
			"faces": {
				"north": {"uv": [0.375, 11.375, 0.75, 11.625], "texture": "#0"},
				"east": {"uv": [0, 11.375, 0.375, 11.625], "texture": "#0"},
				"south": {"uv": [1.125, 11.375, 1.5, 11.625], "texture": "#0"},
				"west": {"uv": [0.75, 11.375, 1.125, 11.625], "texture": "#0"},
				"up": {"uv": [0.75, 11.375, 0.375, 11], "texture": "#0"},
				"down": {"uv": [1.125, 11, 0.75, 11.375], "texture": "#0"}
			}
		},
		{
			"name": "bottom half",
			"from": [2, 2.1, 10.75],
			"to": [5, 3.1, 13.75],
			"rotation": {"angle": 22.5, "axis": "y", "origin": [3.5, 3.35, 12.25]},
			"faces": {
				"north": {"uv": [0.375, 12.25, 0.75, 12.375], "texture": "#0"},
				"east": {"uv": [0, 12.25, 0.375, 12.375], "texture": "#0"},
				"south": {"uv": [1.125, 12.25, 1.5, 12.375], "texture": "#0"},
				"west": {"uv": [0.75, 12.25, 1.125, 12.375], "texture": "#0"},
				"up": {"uv": [0.75, 12.25, 0.375, 11.875], "texture": "#0"},
				"down": {"uv": [1.125, 11.875, 0.75, 12.25], "texture": "#0"}
			}
		},
		{
			"name": "upper half",
			"from": [11, 3.1, 8],
			"to": [14, 5.1, 11],
			"rotation": {"angle": -22.5, "axis": "y", "origin": [12.5, 3.35, 9.5]},
			"faces": {
				"north": {"uv": [0.375, 11.375, 0.75, 11.625], "texture": "#0"},
				"east": {"uv": [0, 11.375, 0.375, 11.625], "texture": "#0"},
				"south": {"uv": [1.125, 11.375, 1.5, 11.625], "texture": "#0"},
				"west": {"uv": [0.75, 11.375, 1.125, 11.625], "texture": "#0"},
				"up": {"uv": [0.75, 11.375, 0.375, 11], "texture": "#0"},
				"down": {"uv": [1.125, 11, 0.75, 11.375], "texture": "#0"}
			}
		},
		{
			"name": "bottom half",
			"from": [11, 2.1, 8],
			"to": [14, 3.1, 11],
			"rotation": {"angle": -22.5, "axis": "y", "origin": [12.5, 3.35, 9.5]},
			"faces": {
				"north": {"uv": [0.375, 12.25, 0.75, 12.375], "texture": "#0"},
				"east": {"uv": [0, 12.25, 0.375, 12.375], "texture": "#0"},
				"south": {"uv": [1.125, 12.25, 1.5, 12.375], "texture": "#0"},
				"west": {"uv": [0.75, 12.25, 1.125, 12.375], "texture": "#0"},
				"up": {"uv": [0.75, 12.25, 0.375, 11.875], "texture": "#0"},
				"down": {"uv": [1.125, 11.875, 0.75, 12.25], "texture": "#0"}
			}
		},
		{
			"name": "upper half",
			"from": [6.5, 3.1, 5],
			"to": [9.5, 5.1, 8],
			"rotation": {"angle": 0, "axis": "y", "origin": [8, 3.35, 6.5]},
			"faces": {
				"north": {"uv": [0.375, 11.375, 0.75, 11.625], "texture": "#0"},
				"east": {"uv": [0, 11.375, 0.375, 11.625], "texture": "#0"},
				"south": {"uv": [1.125, 11.375, 1.5, 11.625], "texture": "#0"},
				"west": {"uv": [0.75, 11.375, 1.125, 11.625], "texture": "#0"},
				"up": {"uv": [0.75, 11.375, 0.375, 11], "texture": "#0"},
				"down": {"uv": [1.125, 11, 0.75, 11.375], "texture": "#0"}
			}
		},
		{
			"name": "bottom half",
			"from": [6.5, 2.1, 5],
			"to": [9.5, 3.1, 8],
			"rotation": {"angle": 0, "axis": "y", "origin": [8, 3.35, 6.5]},
			"faces": {
				"north": {"uv": [0.375, 12.25, 0.75, 12.375], "texture": "#0"},
				"east": {"uv": [0, 12.25, 0.375, 12.375], "texture": "#0"},
				"south": {"uv": [1.125, 12.25, 1.5, 12.375], "texture": "#0"},
				"west": {"uv": [0.75, 12.25, 1.125, 12.375], "texture": "#0"},
				"up": {"uv": [0.75, 12.25, 0.375, 11.875], "texture": "#0"},
				"down": {"uv": [1.125, 11.875, 0.75, 12.25], "texture": "#0"}
			}
		},
		{
			"name": "upper half",
			"from": [11.25, 6.1, 3.75],
			"to": [14.25, 8.1, 6.75],
			"rotation": {"angle": -22.5, "axis": "y", "origin": [12.75, 6.35, 5.25]},
			"faces": {
				"north": {"uv": [0.375, 11.375, 0.75, 11.625], "texture": "#0"},
				"east": {"uv": [0, 11.375, 0.375, 11.625], "texture": "#0"},
				"south": {"uv": [1.125, 11.375, 1.5, 11.625], "texture": "#0"},
				"west": {"uv": [0.75, 11.375, 1.125, 11.625], "texture": "#0"},
				"up": {"uv": [0.75, 11.375, 0.375, 11], "texture": "#0"},
				"down": {"uv": [1.125, 11, 0.75, 11.375], "texture": "#0"}
			}
		},
		{
			"name": "bottom half",
			"from": [11.25, 5.1, 3.75],
			"to": [14.25, 6.1, 6.75],
			"rotation": {"angle": -22.5, "axis": "y", "origin": [12.75, 6.35, 5.25]},
			"faces": {
				"north": {"uv": [0.375, 12.25, 0.75, 12.375], "texture": "#0"},
				"east": {"uv": [0, 12.25, 0.375, 12.375], "texture": "#0"},
				"south": {"uv": [1.125, 12.25, 1.5, 12.375], "texture": "#0"},
				"west": {"uv": [0.75, 12.25, 1.125, 12.375], "texture": "#0"},
				"up": {"uv": [0.75, 12.25, 0.375, 11.875], "texture": "#0"},
				"down": {"uv": [1.125, 11.875, 0.75, 12.25], "texture": "#0"}
			}
		},
		{
			"name": "upper half",
			"from": [6.25, 6.1, 2.25],
			"to": [9.25, 8.1, 5.25],
			"rotation": {"angle": 0, "axis": "y", "origin": [7.75, 6.35, 3.75]},
			"faces": {
				"north": {"uv": [0.375, 11.375, 0.75, 11.625], "texture": "#0"},
				"east": {"uv": [0, 11.375, 0.375, 11.625], "texture": "#0"},
				"south": {"uv": [1.125, 11.375, 1.5, 11.625], "texture": "#0"},
				"west": {"uv": [0.75, 11.375, 1.125, 11.625], "texture": "#0"},
				"up": {"uv": [0.75, 11.375, 0.375, 11], "texture": "#0"},
				"down": {"uv": [1.125, 11, 0.75, 11.375], "texture": "#0"}
			}
		},
		{
			"name": "bottom half",
			"from": [6.25, 5.1, 2.25],
			"to": [9.25, 6.1, 5.25],
			"rotation": {"angle": 0, "axis": "y", "origin": [7.75, 6.35, 3.75]},
			"faces": {
				"north": {"uv": [0.375, 12.25, 0.75, 12.375], "texture": "#0"},
				"east": {"uv": [0, 12.25, 0.375, 12.375], "texture": "#0"},
				"south": {"uv": [1.125, 12.25, 1.5, 12.375], "texture": "#0"},
				"west": {"uv": [0.75, 12.25, 1.125, 12.375], "texture": "#0"},
				"up": {"uv": [0.75, 12.25, 0.375, 11.875], "texture": "#0"},
				"down": {"uv": [1.125, 11.875, 0.75, 12.25], "texture": "#0"}
			}
		},
		{
			"name": "upper half",
			"from": [8.25, 3.1, 1.25],
			"to": [11.25, 5.1, 4.25],
			"rotation": {"angle": 0, "axis": "y", "origin": [9.75, 3.35, 2.75]},
			"faces": {
				"north": {"uv": [0.375, 11.375, 0.75, 11.625], "texture": "#0"},
				"east": {"uv": [0, 11.375, 0.375, 11.625], "texture": "#0"},
				"south": {"uv": [1.125, 11.375, 1.5, 11.625], "texture": "#0"},
				"west": {"uv": [0.75, 11.375, 1.125, 11.625], "texture": "#0"},
				"up": {"uv": [0.75, 11.375, 0.375, 11], "texture": "#0"},
				"down": {"uv": [1.125, 11, 0.75, 11.375], "texture": "#0"}
			}
		},
		{
			"name": "bottom half",
			"from": [8.25, 2.1, 1.25],
			"to": [11.25, 3.1, 4.25],
			"rotation": {"angle": 0, "axis": "y", "origin": [9.75, 3.35, 2.75]},
			"faces": {
				"north": {"uv": [0.375, 12.25, 0.75, 12.375], "texture": "#0"},
				"east": {"uv": [0, 12.25, 0.375, 12.375], "texture": "#0"},
				"south": {"uv": [1.125, 12.25, 1.5, 12.375], "texture": "#0"},
				"west": {"uv": [0.75, 12.25, 1.125, 12.375], "texture": "#0"},
				"up": {"uv": [0.75, 12.25, 0.375, 11.875], "texture": "#0"},
				"down": {"uv": [1.125, 11.875, 0.75, 12.25], "texture": "#0"}
			}
		},
		{
			"name": "upper half",
			"from": [4, 3.1, 1],
			"to": [7, 5.1, 4],
			"rotation": {"angle": 22.5, "axis": "y", "origin": [5.5, 3.35, 2.5]},
			"faces": {
				"north": {"uv": [0.375, 11.375, 0.75, 11.625], "texture": "#0"},
				"east": {"uv": [0, 11.375, 0.375, 11.625], "texture": "#0"},
				"south": {"uv": [1.125, 11.375, 1.5, 11.625], "texture": "#0"},
				"west": {"uv": [0.75, 11.375, 1.125, 11.625], "texture": "#0"},
				"up": {"uv": [0.75, 11.375, 0.375, 11], "texture": "#0"},
				"down": {"uv": [1.125, 11, 0.75, 11.375], "texture": "#0"}
			}
		},
		{
			"name": "bottom half",
			"from": [4, 2.1, 1],
			"to": [7, 3.1, 4],
			"rotation": {"angle": 22.5, "axis": "y", "origin": [5.5, 3.35, 2.5]},
			"faces": {
				"north": {"uv": [0.375, 12.25, 0.75, 12.375], "texture": "#0"},
				"east": {"uv": [0, 12.25, 0.375, 12.375], "texture": "#0"},
				"south": {"uv": [1.125, 12.25, 1.5, 12.375], "texture": "#0"},
				"west": {"uv": [0.75, 12.25, 1.125, 12.375], "texture": "#0"},
				"up": {"uv": [0.75, 12.25, 0.375, 11.875], "texture": "#0"},
				"down": {"uv": [1.125, 11.875, 0.75, 12.25], "texture": "#0"}
			}
		},
		{
			"name": "upper half",
			"from": [10, 6.1, 12],
			"to": [13, 8.1, 15],
			"rotation": {"angle": 0, "axis": "y", "origin": [11.5, 6.35, 13.5]},
			"faces": {
				"north": {"uv": [0.375, 11.375, 0.75, 11.625], "texture": "#0"},
				"east": {"uv": [0, 11.375, 0.375, 11.625], "texture": "#0"},
				"south": {"uv": [1.125, 11.375, 1.5, 11.625], "texture": "#0"},
				"west": {"uv": [0.75, 11.375, 1.125, 11.625], "texture": "#0"},
				"up": {"uv": [0.75, 11.375, 0.375, 11], "texture": "#0"},
				"down": {"uv": [1.125, 11, 0.75, 11.375], "texture": "#0"}
			}
		},
		{
			"name": "bottom half",
			"from": [10, 5.1, 12],
			"to": [13, 6.1, 15],
			"rotation": {"angle": 0, "axis": "y", "origin": [11.5, 6.35, 13.5]},
			"faces": {
				"north": {"uv": [0.375, 12.25, 0.75, 12.375], "texture": "#0"},
				"east": {"uv": [0, 12.25, 0.375, 12.375], "texture": "#0"},
				"south": {"uv": [1.125, 12.25, 1.5, 12.375], "texture": "#0"},
				"west": {"uv": [0.75, 12.25, 1.125, 12.375], "texture": "#0"},
				"up": {"uv": [0.75, 12.25, 0.375, 11.875], "texture": "#0"},
				"down": {"uv": [1.125, 11.875, 0.75, 12.25], "texture": "#0"}
			}
		},
		{
			"name": "upper half",
			"from": [6, 6.1, 6.25],
			"to": [9, 8.1, 9.25],
			"rotation": {"angle": 0, "axis": "y", "origin": [7.5, 6.35, 7.75]},
			"faces": {
				"north": {"uv": [0.375, 11.375, 0.75, 11.625], "texture": "#0"},
				"east": {"uv": [0, 11.375, 0.375, 11.625], "texture": "#0"},
				"south": {"uv": [1.125, 11.375, 1.5, 11.625], "texture": "#0"},
				"west": {"uv": [0.75, 11.375, 1.125, 11.625], "texture": "#0"},
				"up": {"uv": [0.75, 11.375, 0.375, 11], "texture": "#0"},
				"down": {"uv": [1.125, 11, 0.75, 11.375], "texture": "#0"}
			}
		},
		{
			"name": "bottom half",
			"from": [6, 5.1, 6.25],
			"to": [9, 6.1, 9.25],
			"rotation": {"angle": 0, "axis": "y", "origin": [7.5, 6.35, 7.75]},
			"faces": {
				"north": {"uv": [0.375, 12.25, 0.75, 12.375], "texture": "#0"},
				"east": {"uv": [0, 12.25, 0.375, 12.375], "texture": "#0"},
				"south": {"uv": [1.125, 12.25, 1.5, 12.375], "texture": "#0"},
				"west": {"uv": [0.75, 12.25, 1.125, 12.375], "texture": "#0"},
				"up": {"uv": [0.75, 12.25, 0.375, 11.875], "texture": "#0"},
				"down": {"uv": [1.125, 11.875, 0.75, 12.25], "texture": "#0"}
			}
		},
		{
			"name": "upper half",
			"from": [11.75, 3.1, 4],
			"to": [14.75, 5.1, 7],
			"rotation": {"angle": 22.5, "axis": "y", "origin": [13.25, 3.35, 5.5]},
			"faces": {
				"north": {"uv": [0.375, 11.375, 0.75, 11.625], "texture": "#0"},
				"east": {"uv": [0, 11.375, 0.375, 11.625], "texture": "#0"},
				"south": {"uv": [1.125, 11.375, 1.5, 11.625], "texture": "#0"},
				"west": {"uv": [0.75, 11.375, 1.125, 11.625], "texture": "#0"},
				"up": {"uv": [0.75, 11.375, 0.375, 11], "texture": "#0"},
				"down": {"uv": [1.125, 11, 0.75, 11.375], "texture": "#0"}
			}
		},
		{
			"name": "bottom half",
			"from": [11.75, 2.1, 4],
			"to": [14.75, 3.1, 7],
			"rotation": {"angle": 22.5, "axis": "y", "origin": [13.25, 3.35, 5.5]},
			"faces": {
				"north": {"uv": [0.375, 12.25, 0.75, 12.375], "texture": "#0"},
				"east": {"uv": [0, 12.25, 0.375, 12.375], "texture": "#0"},
				"south": {"uv": [1.125, 12.25, 1.5, 12.375], "texture": "#0"},
				"west": {"uv": [0.75, 12.25, 1.125, 12.375], "texture": "#0"},
				"up": {"uv": [0.75, 12.25, 0.375, 11.875], "texture": "#0"},
				"down": {"uv": [1.125, 11.875, 0.75, 12.25], "texture": "#0"}
			}
		},
		{
			"name": "upper half",
			"from": [1.75, 6.1, 4],
			"to": [4.75, 8.1, 7],
			"rotation": {"angle": 22.5, "axis": "y", "origin": [3.25, 6.35, 5.5]},
			"faces": {
				"north": {"uv": [0.375, 11.375, 0.75, 11.625], "texture": "#0"},
				"east": {"uv": [0, 11.375, 0.375, 11.625], "texture": "#0"},
				"south": {"uv": [1.125, 11.375, 1.5, 11.625], "texture": "#0"},
				"west": {"uv": [0.75, 11.375, 1.125, 11.625], "texture": "#0"},
				"up": {"uv": [0.75, 11.375, 0.375, 11], "texture": "#0"},
				"down": {"uv": [1.125, 11, 0.75, 11.375], "texture": "#0"}
			}
		},
		{
			"name": "bottom half",
			"from": [1.75, 5.1, 4],
			"to": [4.75, 6.1, 7],
			"rotation": {"angle": 22.5, "axis": "y", "origin": [3.25, 6.35, 5.5]},
			"faces": {
				"north": {"uv": [0.375, 12.25, 0.75, 12.375], "texture": "#0"},
				"east": {"uv": [0, 12.25, 0.375, 12.375], "texture": "#0"},
				"south": {"uv": [1.125, 12.25, 1.5, 12.375], "texture": "#0"},
				"west": {"uv": [0.75, 12.25, 1.125, 12.375], "texture": "#0"},
				"up": {"uv": [0.75, 12.25, 0.375, 11.875], "texture": "#0"},
				"down": {"uv": [1.125, 11.875, 0.75, 12.25], "texture": "#0"}
			}
		},
		{
			"name": "upper half",
			"from": [6, 3.1, 9.25],
			"to": [9, 5.1, 12.25],
			"rotation": {"angle": 22.5, "axis": "y", "origin": [7.5, 3.35, 10.75]},
			"faces": {
				"north": {"uv": [0.375, 11.375, 0.75, 11.625], "texture": "#0"},
				"east": {"uv": [0, 11.375, 0.375, 11.625], "texture": "#0"},
				"south": {"uv": [1.125, 11.375, 1.5, 11.625], "texture": "#0"},
				"west": {"uv": [0.75, 11.375, 1.125, 11.625], "texture": "#0"},
				"up": {"uv": [0.75, 11.375, 0.375, 11], "texture": "#0"},
				"down": {"uv": [1.125, 11, 0.75, 11.375], "texture": "#0"}
			}
		},
		{
			"name": "bottom half",
			"from": [6, 2.1, 9.25],
			"to": [9, 3.1, 12.25],
			"rotation": {"angle": 22.5, "axis": "y", "origin": [7.5, 3.35, 10.75]},
			"faces": {
				"north": {"uv": [0.375, 12.25, 0.75, 12.375], "texture": "#0"},
				"east": {"uv": [0, 12.25, 0.375, 12.375], "texture": "#0"},
				"south": {"uv": [1.125, 12.25, 1.5, 12.375], "texture": "#0"},
				"west": {"uv": [0.75, 12.25, 1.125, 12.375], "texture": "#0"},
				"up": {"uv": [0.75, 12.25, 0.375, 11.875], "texture": "#0"},
				"down": {"uv": [1.125, 11.875, 0.75, 12.25], "texture": "#0"}
			}
		},
		{
			"name": "upper half",
			"from": [8.85, 3.1, 11.3],
			"to": [11.85, 5.1, 14.3],
			"rotation": {"angle": 22.5, "axis": "y", "origin": [10.35, 3.35, 12.8]},
			"faces": {
				"north": {"uv": [0.375, 11.375, 0.75, 11.625], "texture": "#0"},
				"east": {"uv": [0, 11.375, 0.375, 11.625], "texture": "#0"},
				"south": {"uv": [1.125, 11.375, 1.5, 11.625], "texture": "#0"},
				"west": {"uv": [0.75, 11.375, 1.125, 11.625], "texture": "#0"},
				"up": {"uv": [0.75, 11.375, 0.375, 11], "texture": "#0"},
				"down": {"uv": [1.125, 11, 0.75, 11.375], "texture": "#0"}
			}
		},
		{
			"name": "bottom half",
			"from": [8.85, 2.1, 11.3],
			"to": [11.85, 3.1, 14.3],
			"rotation": {"angle": 22.5, "axis": "y", "origin": [10.35, 3.35, 12.8]},
			"faces": {
				"north": {"uv": [0.375, 12.25, 0.75, 12.375], "texture": "#0"},
				"east": {"uv": [0, 12.25, 0.375, 12.375], "texture": "#0"},
				"south": {"uv": [1.125, 12.25, 1.5, 12.375], "texture": "#0"},
				"west": {"uv": [0.75, 12.25, 1.125, 12.375], "texture": "#0"},
				"up": {"uv": [0.75, 12.25, 0.375, 11.875], "texture": "#0"},
				"down": {"uv": [1.125, 11.875, 0.75, 12.25], "texture": "#0"}
			}
		},
		{
			"name": "upper half",
			"from": [3.25, 3.1, 6.75],
			"to": [6.25, 5.1, 9.75],
			"rotation": {"angle": -22.5, "axis": "y", "origin": [4.75, 3.35, 8.25]},
			"faces": {
				"north": {"uv": [0.375, 11.375, 0.75, 11.625], "texture": "#0"},
				"east": {"uv": [0, 11.375, 0.375, 11.625], "texture": "#0"},
				"south": {"uv": [1.125, 11.375, 1.5, 11.625], "texture": "#0"},
				"west": {"uv": [0.75, 11.375, 1.125, 11.625], "texture": "#0"},
				"up": {"uv": [0.75, 11.375, 0.375, 11], "texture": "#0"},
				"down": {"uv": [1.125, 11, 0.75, 11.375], "texture": "#0"}
			}
		},
		{
			"name": "bottom half",
			"from": [3.25, 2.1, 6.75],
			"to": [6.25, 3.1, 9.75],
			"rotation": {"angle": -22.5, "axis": "y", "origin": [4.75, 3.35, 8.25]},
			"faces": {
				"north": {"uv": [0.375, 12.25, 0.75, 12.375], "texture": "#0"},
				"east": {"uv": [0, 12.25, 0.375, 12.375], "texture": "#0"},
				"south": {"uv": [1.125, 12.25, 1.5, 12.375], "texture": "#0"},
				"west": {"uv": [0.75, 12.25, 1.125, 12.375], "texture": "#0"},
				"up": {"uv": [0.75, 12.25, 0.375, 11.875], "texture": "#0"},
				"down": {"uv": [1.125, 11.875, 0.75, 12.25], "texture": "#0"}
			}
		},
		{
			"name": "upper half",
			"from": [4, 6.1, 10],
			"to": [7, 8.1, 13],
			"rotation": {"angle": 22.5, "axis": "y", "origin": [5.5, 6.35, 11.5]},
			"faces": {
				"north": {"uv": [0.375, 11.375, 0.75, 11.625], "texture": "#0"},
				"east": {"uv": [0, 11.375, 0.375, 11.625], "texture": "#0"},
				"south": {"uv": [1.125, 11.375, 1.5, 11.625], "texture": "#0"},
				"west": {"uv": [0.75, 11.375, 1.125, 11.625], "texture": "#0"},
				"up": {"uv": [0.75, 11.375, 0.375, 11], "texture": "#0"},
				"down": {"uv": [1.125, 11, 0.75, 11.375], "texture": "#0"}
			}
		},
		{
			"name": "bottom half",
			"from": [4, 5.1, 10],
			"to": [7, 6.1, 13],
			"rotation": {"angle": 22.5, "axis": "y", "origin": [5.5, 6.35, 11.5]},
			"faces": {
				"north": {"uv": [0.375, 12.25, 0.75, 12.375], "texture": "#0"},
				"east": {"uv": [0, 12.25, 0.375, 12.375], "texture": "#0"},
				"south": {"uv": [1.125, 12.25, 1.5, 12.375], "texture": "#0"},
				"west": {"uv": [0.75, 12.25, 1.125, 12.375], "texture": "#0"},
				"up": {"uv": [0.75, 12.25, 0.375, 11.875], "texture": "#0"},
				"down": {"uv": [1.125, 11.875, 0.75, 12.25], "texture": "#0"}
			}
		},
		{
			"name": "upper half",
			"from": [9, 6.1, 8],
			"to": [12, 8.1, 11],
			"rotation": {"angle": 0, "axis": "y", "origin": [10.5, 6.35, 9.5]},
			"faces": {
				"north": {"uv": [0.375, 11.375, 0.75, 11.625], "texture": "#0"},
				"east": {"uv": [0, 11.375, 0.375, 11.625], "texture": "#0"},
				"south": {"uv": [1.125, 11.375, 1.5, 11.625], "texture": "#0"},
				"west": {"uv": [0.75, 11.375, 1.125, 11.625], "texture": "#0"},
				"up": {"uv": [0.75, 11.375, 0.375, 11], "texture": "#0"},
				"down": {"uv": [1.125, 11, 0.75, 11.375], "texture": "#0"}
			}
		},
		{
			"name": "bottom half",
			"from": [9, 5.1, 8],
			"to": [12, 6.1, 11],
			"rotation": {"angle": 0, "axis": "y", "origin": [10.5, 6.35, 9.5]},
			"faces": {
				"north": {"uv": [0.375, 12.25, 0.75, 12.375], "texture": "#0"},
				"east": {"uv": [0, 12.25, 0.375, 12.375], "texture": "#0"},
				"south": {"uv": [1.125, 12.25, 1.5, 12.375], "texture": "#0"},
				"west": {"uv": [0.75, 12.25, 1.125, 12.375], "texture": "#0"},
				"up": {"uv": [0.75, 12.25, 0.375, 11.875], "texture": "#0"},
				"down": {"uv": [1.125, 11.875, 0.75, 12.25], "texture": "#0"}
			}
		},
		{
			"name": "upper half",
			"from": [1, 3.1, 4],
			"to": [4, 5.1, 7],
			"rotation": {"angle": 0, "axis": "y", "origin": [2.5, 3.35, 5.5]},
			"faces": {
				"north": {"uv": [0.375, 11.375, 0.75, 11.625], "texture": "#0"},
				"east": {"uv": [0, 11.375, 0.375, 11.625], "texture": "#0"},
				"south": {"uv": [1.125, 11.375, 1.5, 11.625], "texture": "#0"},
				"west": {"uv": [0.75, 11.375, 1.125, 11.625], "texture": "#0"},
				"up": {"uv": [0.75, 11.375, 0.375, 11], "texture": "#0"},
				"down": {"uv": [1.125, 11, 0.75, 11.375], "texture": "#0"}
			}
		},
		{
			"name": "bottom half",
			"from": [1, 2.1, 4],
			"to": [4, 3.1, 7],
			"rotation": {"angle": 0, "axis": "y", "origin": [2.5, 3.35, 5.5]},
			"faces": {
				"north": {"uv": [0.375, 12.25, 0.75, 12.375], "texture": "#0"},
				"east": {"uv": [0, 12.25, 0.375, 12.375], "texture": "#0"},
				"south": {"uv": [1.125, 12.25, 1.5, 12.375], "texture": "#0"},
				"west": {"uv": [0.75, 12.25, 1.125, 12.375], "texture": "#0"},
				"up": {"uv": [0.75, 12.25, 0.375, 11.875], "texture": "#0"},
				"down": {"uv": [1.125, 11.875, 0.75, 12.25], "texture": "#0"}
			}
		},
		{
			"name": "pokeball dome red",
			"from": [0.5, 9, 0.5],
			"to": [15.5, 16, 15.5],
			"rotation": {"angle": 0, "axis": "y", "origin": [14.5, 2, 0.5]},
			"faces": {
				"north": {"uv": [1.875, 1.875, 3.75, 2.75], "texture": "#0"},
				"east": {"uv": [0, 1.875, 1.875, 2.75], "texture": "#0"},
				"south": {"uv": [5.625, 1.875, 7.5, 2.75], "texture": "#0"},
				"west": {"uv": [3.75, 1.875, 5.625, 2.75], "texture": "#0"},
				"up": {"uv": [3.75, 1.875, 1.875, 0], "texture": "#0"},
				"down": {"uv": [5.625, 0, 3.75, 1.875], "texture": "#0"}
			}
		},
		{
			"name": "pokeball dome white",
			"from": [0.5, 2, 0.5],
			"to": [15.5, 9, 15.5],
			"rotation": {"angle": 0, "axis": "y", "origin": [14.5, -6, 0.5]},
			"faces": {
				"north": {"uv": [9.75, 1.875, 11.625, 2.75], "texture": "#0"},
				"east": {"uv": [7.875, 1.875, 9.75, 2.75], "texture": "#0"},
				"south": {"uv": [13.5, 1.875, 15.375, 2.75], "texture": "#0"},
				"west": {"uv": [11.625, 1.875, 13.5, 2.75], "texture": "#0"},
				"up": {"uv": [11.625, 1.875, 9.75, 0], "texture": "#0"},
				"down": {"uv": [13.5, 0, 11.625, 1.875], "texture": "#0"}
			}
		},
		{
			"name": "pokeball center",
			"from": [6, 7, 0],
			"to": [10, 11, 1],
			"rotation": {"angle": 0, "axis": "y", "origin": [6, 7, 0]},
			"faces": {
				"north": {"uv": [0.125, 0.25, 0.625, 0.75], "texture": "#0"},
				"east": {"uv": [0, 0.25, 0.125, 0.75], "texture": "#0"},
				"south": {"uv": [0.75, 0.25, 1.25, 0.75], "texture": "#0"},
				"west": {"uv": [0.625, 0.25, 0.75, 0.75], "texture": "#0"},
				"up": {"uv": [0.625, 0.25, 0.125, 0.125], "texture": "#0"},
				"down": {"uv": [1.125, 0.125, 0.625, 0.25], "texture": "#0"}
			}
		},
		{
			"name": "middleneck",
			"from": [2, 1, 2],
			"to": [14, 2, 14],
			"rotation": {"angle": 0, "axis": "y", "origin": [11, 0, 4]},
			"faces": {
				"north": {"uv": [11.5, 10.75, 13, 10.875], "texture": "#0"},
				"east": {"uv": [10, 10.75, 11.5, 10.875], "texture": "#0"},
				"south": {"uv": [14.5, 10.75, 16, 10.875], "texture": "#0"},
				"west": {"uv": [13, 10.75, 14.5, 10.875], "texture": "#0"},
				"up": {"uv": [13, 10.75, 11.5, 9.25], "texture": "#0"},
				"down": {"uv": [14.5, 9.25, 13, 10.75], "texture": "#0"}
			}
		}
	],
	"display": {
		"thirdperson_righthand": {
			"rotation": [75, 135, 0],
			"translation": [0, 2.5, 0],
			"scale": [0.3, 0.3, 0.3]
		},
		"thirdperson_lefthand": {
			"rotation": [75, 135, 0],
			"translation": [0, 2.5, 0],
			"scale": [0.3, 0.3, 0.3]
		},
		"firstperson_righthand": {
			"rotation": [0, 135, 0],
			"translation": [0, -1, 0],
			"scale": [0.4, 0.4, 0.4]
		},
		"firstperson_lefthand": {
			"rotation": [0, 135, 0],
			"translation": [0, -1, 0],
			"scale": [0.4, 0.4, 0.4]
		},
		"ground": {
			"translation": [0, 1.5, 0],
			"scale": [0.25, 0.25, 0.25]
		},
		"gui": {
			"rotation": [30, 225, 0],
			"translation": [0, -3, 0],
			"scale": [0.425, 0.425, 0.425]
		},
		"fixed": {
			"translation": [0, -3.75, -3],
			"scale": [0.5, 0.5, 0.5]
		}
	},
	"groups": [
		{
			"name": "upper",
			"origin": [14.5, 14, 0.5],
			"color": 0,
			"children": [
				0,
				1,
				{
					"name": "group",
					"origin": [8, 8, 8],
					"color": 0,
					"children": [
						{
							"name": "gachaballs",
							"origin": [8, 8, 8],
							"color": 0,
							"children": [2, 3]
						},
						{
							"name": "gachaballs",
							"origin": [8, 8, 8],
							"color": 0,
							"children": [4, 5]
						},
						{
							"name": "gachaballs",
							"origin": [8, 8, 8],
							"color": 0,
							"children": [6, 7]
						},
						{
							"name": "gachaballs",
							"origin": [8, 8, 8],
							"color": 0,
							"children": [8, 9]
						},
						{
							"name": "gachaballs",
							"origin": [8, 8, 8],
							"color": 0,
							"children": [10, 11]
						},
						{
							"name": "gachaballs",
							"origin": [8, 8, 8],
							"color": 0,
							"children": [12, 13]
						},
						{
							"name": "gachaballs",
							"origin": [8, 8, 8],
							"color": 0,
							"children": [14, 15]
						},
						{
							"name": "gachaballs",
							"origin": [8, 8, 8],
							"color": 0,
							"children": [16, 17]
						},
						{
							"name": "gachaballs",
							"origin": [8, 8, 8],
							"color": 0,
							"children": [18, 19]
						},
						{
							"name": "gachaballs",
							"origin": [8, 8, 8],
							"color": 0,
							"children": [
								20,
								21,
								{
									"name": "gachaballs",
									"origin": [8, 8, 8],
									"color": 0,
									"children": [22, 23]
								}
							]
						},
						{
							"name": "gachaballs",
							"origin": [8, 8, 8],
							"color": 0,
							"children": [24, 25]
						},
						{
							"name": "gachaballs",
							"origin": [8, 8, 8],
							"color": 0,
							"children": [26, 27]
						},
						{
							"name": "gachaballs",
							"origin": [8, 8, 8],
							"color": 0,
							"children": [28, 29]
						},
						{
							"name": "gachaballs",
							"origin": [8, 8, 8],
							"color": 0,
							"children": [30, 31]
						},
						{
							"name": "gachaballs",
							"origin": [8, 8, 8],
							"color": 0,
							"children": [32, 33]
						},
						{
							"name": "gachaballs",
							"origin": [8, 8, 8],
							"color": 0,
							"children": [34, 35]
						}
					]
				},
				36,
				37,
				38,
				39
			]
		}
	]
}