{
	"credit": "Made with Blockbench",
	"texture_size": [128, 128],
	"textures": {
		"1": "gachamachine:block/cramomatic",
		"particle": "gachamachine:block/cramomatic"
	},
	"elements": [
		{
			"from": [4.9, 16, 6.4],
			"to": [6.1, 17.2, 7.6],
			"rotation": {"angle": 0, "axis": "y", "origin": [4, 15.1, 6.5]},
			"faces": {
				"north": {"uv": [1.125, 6.625, 1.25, 6.75], "texture": "#1"},
				"east": {"uv": [1, 6.625, 1.125, 6.75], "texture": "#1"},
				"south": {"uv": [1.375, 6.625, 1.5, 6.75], "texture": "#1"},
				"west": {"uv": [1.25, 6.625, 1.375, 6.75], "texture": "#1"},
				"up": {"uv": [1.25, 6.625, 1.125, 6.5], "texture": "#1"},
				"down": {"uv": [1.375, 6.5, 1.25, 6.625], "texture": "#1"}
			}
		},
		{
			"from": [9.9, 16, 6.4],
			"to": [11.1, 17.2, 7.6],
			"rotation": {"angle": 0, "axis": "y", "origin": [12, 15.1, 6.5]},
			"faces": {
				"north": {"uv": [1.25, 6.625, 1.125, 6.75], "texture": "#1"},
				"east": {"uv": [1.375, 6.625, 1.25, 6.75], "texture": "#1"},
				"south": {"uv": [1.5, 6.625, 1.375, 6.75], "texture": "#1"},
				"west": {"uv": [1.125, 6.625, 1, 6.75], "texture": "#1"},
				"up": {"uv": [1.125, 6.625, 1.25, 6.5], "texture": "#1"},
				"down": {"uv": [1.25, 6.5, 1.375, 6.625], "texture": "#1"}
			}
		},
		{
			"from": [5.4, 14, 3.5],
			"to": [10.4, 20, 9.5],
			"rotation": {"angle": 0, "axis": "y", "origin": [8.4, 5, 7.5]},
			"faces": {
				"north": {"uv": [5.75, 0.75, 6.375, 1.5], "texture": "#1"},
				"east": {"uv": [5, 0.75, 5.75, 1.5], "texture": "#1"},
				"south": {"uv": [7.125, 0.75, 7.75, 1.5], "texture": "#1"},
				"west": {"uv": [6.375, 0.75, 7.125, 1.5], "texture": "#1"},
				"up": {"uv": [6.375, 0.75, 5.75, 0], "texture": "#1"},
				"down": {"uv": [7, 0, 6.375, 0.75], "texture": "#1"}
			}
		},
		{
			"name": "right_pupil",
			"from": [10.42, 17.5, 3.7],
			"to": [10.42, 18.5, 4.7],
			"rotation": {"angle": 0, "axis": "y", "origin": [8.4, 8.5, 2.7]},
			"faces": {
				"north": {"uv": [4.375, 6.25, 4.375, 6.375], "texture": "#1"},
				"east": {"uv": [4.25, 6.25, 4.375, 6.375], "texture": "#1"},
				"south": {"uv": [4.5, 6.25, 4.5, 6.375], "texture": "#1"},
				"west": {"uv": [4.375, 6.25, 4.5, 6.375], "texture": "#1"},
				"up": {"uv": [4.375, 6.25, 4.375, 6.125], "texture": "#1"},
				"down": {"uv": [4.375, 6.125, 4.375, 6.25], "texture": "#1"}
			}
		},
		{
			"from": [6.91, 15.21, -3.49],
			"to": [8.89, 16.19, 1.49],
			"rotation": {"angle": 0, "axis": "y", "origin": [7.9, 15.7, -2]},
			"faces": {
				"north": {"uv": [6.125, 2.875, 6.375, 3], "texture": "#1"},
				"east": {"uv": [5.5, 2.875, 6.125, 3], "texture": "#1"},
				"south": {"uv": [7, 2.875, 7.25, 3], "texture": "#1"},
				"west": {"uv": [6.375, 2.875, 7, 3], "texture": "#1"},
				"up": {"uv": [6.375, 2.875, 6.125, 2.25], "texture": "#1"},
				"down": {"uv": [6.625, 2.25, 6.375, 2.875], "texture": "#1"}
			}
		},
		{
			"name": "left_pupil",
			"from": [5.39, 17.5, 3.7],
			"to": [5.39, 18.5, 4.7],
			"rotation": {"angle": 0, "axis": "y", "origin": [7.4, 8.5, 2.7]},
			"faces": {
				"north": {"uv": [4.375, 6.25, 4.375, 6.375], "texture": "#1"},
				"east": {"uv": [4.5, 6.25, 4.375, 6.375], "texture": "#1"},
				"south": {"uv": [4.5, 6.25, 4.5, 6.375], "texture": "#1"},
				"west": {"uv": [4.375, 6.25, 4.25, 6.375], "texture": "#1"},
				"up": {"uv": [4.375, 6.25, 4.375, 6.125], "texture": "#1"},
				"down": {"uv": [4.375, 6.125, 4.375, 6.25], "texture": "#1"}
			}
		},
		{
			"from": [6.9, 15.25, 1.7],
			"to": [8.9, 17.25, 4.7],
			"rotation": {"angle": -45, "axis": "x", "origin": [7.9, 16.25, 3.2]},
			"faces": {
				"north": {"uv": [4.625, 6.75, 4.875, 7], "texture": "#1"},
				"east": {"uv": [4.25, 6.75, 4.625, 7], "texture": "#1"},
				"south": {"uv": [5.25, 6.75, 5.5, 7], "texture": "#1"},
				"west": {"uv": [4.875, 6.75, 5.25, 7], "texture": "#1"},
				"up": {"uv": [4.875, 6.75, 4.625, 6.375], "texture": "#1"},
				"down": {"uv": [5.125, 6.375, 4.875, 6.75], "texture": "#1"}
			}
		},
		{
			"from": [5.9, 15.85, -0.5],
			"to": [9.9, 16.85, 4.5],
			"rotation": {"angle": 0, "axis": "y", "origin": [7.9, 16.35, 2]},
			"faces": {
				"north": {"uv": [5.625, 2.125, 6.125, 2.25], "texture": "#1"},
				"east": {"uv": [5, 2.125, 5.625, 2.25], "texture": "#1"},
				"south": {"uv": [6.75, 2.125, 7.25, 2.25], "texture": "#1"},
				"west": {"uv": [6.125, 2.125, 6.75, 2.25], "texture": "#1"},
				"up": {"uv": [6.125, 2.125, 5.625, 1.5], "texture": "#1"},
				"down": {"uv": [6.625, 1.5, 6.125, 2.125], "texture": "#1"}
			}
		},
		{
			"from": [6.4, 14.85, 1.5],
			"to": [9.4, 15.85, 4.5],
			"rotation": {"angle": 0, "axis": "y", "origin": [7.4, 15.35, 2]},
			"faces": {
				"north": {"uv": [4.875, 6.25, 5.25, 6.375], "texture": "#1"},
				"east": {"uv": [4.5, 6.25, 4.875, 6.375], "texture": "#1"},
				"south": {"uv": [5.625, 6.25, 6, 6.375], "texture": "#1"},
				"west": {"uv": [5.25, 6.25, 5.625, 6.375], "texture": "#1"},
				"up": {"uv": [5.25, 6.25, 4.875, 5.875], "texture": "#1"},
				"down": {"uv": [5.625, 5.875, 5.25, 6.25], "texture": "#1"}
			}
		},
		{
			"from": [6.9, 15.6, -4.5],
			"to": [8.9, 16.6, -0.5],
			"rotation": {"angle": 0, "axis": "y", "origin": [7.9, 16.1, -3]},
			"faces": {
				"north": {"uv": [0.5, 6.375, 0.75, 6.5], "texture": "#1"},
				"east": {"uv": [0, 6.375, 0.5, 6.5], "texture": "#1"},
				"south": {"uv": [1.25, 6.375, 1.5, 6.5], "texture": "#1"},
				"west": {"uv": [0.75, 6.375, 1.25, 6.5], "texture": "#1"},
				"up": {"uv": [0.75, 6.375, 0.5, 5.875], "texture": "#1"},
				"down": {"uv": [1, 5.875, 0.75, 6.375], "texture": "#1"}
			}
		},
		{
			"from": [4.4, 20, 6.5],
			"to": [11.4, 27, 6.5],
			"rotation": {"angle": 0, "axis": "y", "origin": [7.9, 22.5, 6.5]},
			"faces": {
				"north": {"uv": [3.625, 8.25, 4.5, 9.125], "texture": "#1"},
				"east": {"uv": [3.625, 8.25, 3.625, 9.125], "texture": "#1"},
				"south": {"uv": [4.5, 8.25, 5.375, 9.125], "texture": "#1"},
				"west": {"uv": [4.5, 8.25, 4.5, 9.125], "texture": "#1"},
				"up": {"uv": [4.5, 8.25, 3.625, 8.25], "texture": "#1"},
				"down": {"uv": [5.375, 8.25, 4.5, 8.25], "texture": "#1"}
			}
		},
		{
			"from": [4.4, 26.8097, 7.45671],
			"to": [11.4, 31.8097, 7.45671],
			"rotation": {"angle": 22.5, "axis": "x", "origin": [7.9, 29.3097, 7.45671]},
			"faces": {
				"north": {"uv": [1.5, 8.5, 2.375, 9.125], "texture": "#1"},
				"east": {"uv": [1.5, 8.5, 1.5, 9.125], "texture": "#1"},
				"south": {"uv": [2.375, 8.5, 3.25, 9.125], "texture": "#1"},
				"west": {"uv": [2.375, 8.5, 2.375, 9.125], "texture": "#1"},
				"up": {"uv": [2.375, 8.5, 1.5, 8.5], "texture": "#1"},
				"down": {"uv": [3.25, 8.5, 2.375, 8.5], "texture": "#1"}
			}
		},
		{
			"from": [6.9, 11, 5.5],
			"to": [8.9, 17, 7.5],
			"rotation": {"angle": 0, "axis": "y", "origin": [6.9, 9, 5.5]},
			"faces": {
				"north": {"uv": [6.25, 6.125, 6.5, 6.875], "texture": "#1"},
				"east": {"uv": [6, 6.125, 6.25, 6.875], "texture": "#1"},
				"south": {"uv": [6.75, 6.125, 7, 6.875], "texture": "#1"},
				"west": {"uv": [6.5, 6.125, 6.75, 6.875], "texture": "#1"},
				"up": {"uv": [6.5, 6.125, 6.25, 5.875], "texture": "#1"},
				"down": {"uv": [6.75, 5.875, 6.5, 6.125], "texture": "#1"}
			}
		},
		{
			"from": [2.45, 3, 0.75],
			"to": [13.45, 4, 11.75],
			"rotation": {"angle": 0, "axis": "y", "origin": [1.45, -4, 2.75]},
			"faces": {
				"north": {"uv": [1.375, 3.625, 2.75, 3.75], "texture": "#1"},
				"east": {"uv": [0, 3.625, 1.375, 3.75], "texture": "#1"},
				"south": {"uv": [4.125, 3.625, 5.5, 3.75], "texture": "#1"},
				"west": {"uv": [2.75, 3.625, 4.125, 3.75], "texture": "#1"},
				"up": {"uv": [2.75, 3.625, 1.375, 2.25], "texture": "#1"},
				"down": {"uv": [4.125, 2.25, 2.75, 3.625], "texture": "#1"}
			}
		},
		{
			"from": [2.95, -5, 1.25],
			"to": [12.95, 3, 11.25],
			"rotation": {"angle": 0, "axis": "y", "origin": [0.95, -3, 3.25]},
			"faces": {
				"north": {"uv": [1.25, 1.25, 2.5, 2.25], "texture": "#1"},
				"east": {"uv": [0, 1.25, 1.25, 2.25], "texture": "#1"},
				"south": {"uv": [3.75, 1.25, 5, 2.25], "texture": "#1"},
				"west": {"uv": [2.5, 1.25, 3.75, 2.25], "texture": "#1"},
				"up": {"uv": [2.5, 1.25, 1.25, 0], "texture": "#1"},
				"down": {"uv": [3.75, 0, 2.5, 1.25], "texture": "#1"}
			}
		},
		{
			"from": [3.45, 4, 1.25],
			"to": [12.45, 5, 11.25],
			"rotation": {"angle": 0, "axis": "y", "origin": [0.45, -4, 2.25]},
			"faces": {
				"north": {"uv": [5.25, 5, 6.375, 5.125], "texture": "#1"},
				"east": {"uv": [4, 5, 5.25, 5.125], "texture": "#1"},
				"south": {"uv": [7.625, 5, 8.75, 5.125], "texture": "#1"},
				"west": {"uv": [6.375, 5, 7.625, 5.125], "texture": "#1"},
				"up": {"uv": [6.375, 5, 5.25, 3.75], "texture": "#1"},
				"down": {"uv": [7.5, 3.75, 6.375, 5], "texture": "#1"}
			}
		},
		{
			"from": [5.9, 5, 4],
			"to": [9.9, 6, 9],
			"rotation": {"angle": 0, "axis": "y", "origin": [6.9, 5, 5]},
			"faces": {
				"north": {"uv": [4.625, 5.75, 5.125, 5.875], "texture": "#1"},
				"east": {"uv": [4, 5.75, 4.625, 5.875], "texture": "#1"},
				"south": {"uv": [5.75, 5.75, 6.25, 5.875], "texture": "#1"},
				"west": {"uv": [5.125, 5.75, 5.75, 5.875], "texture": "#1"},
				"up": {"uv": [5.125, 5.75, 4.625, 5.125], "texture": "#1"},
				"down": {"uv": [5.625, 5.125, 5.125, 5.75], "texture": "#1"}
			}
		},
		{
			"from": [6.9, 6, 5.5],
			"to": [8.9, 11, 7.5],
			"rotation": {"angle": 0, "axis": "y", "origin": [6.9, 5, 5.5]},
			"faces": {
				"north": {"uv": [0.25, 6.75, 0.5, 7.375], "texture": "#1"},
				"east": {"uv": [0, 6.75, 0.25, 7.375], "texture": "#1"},
				"south": {"uv": [0.75, 6.75, 1, 7.375], "texture": "#1"},
				"west": {"uv": [0.5, 6.75, 0.75, 7.375], "texture": "#1"},
				"up": {"uv": [0.5, 6.75, 0.25, 6.5], "texture": "#1"},
				"down": {"uv": [0.75, 6.5, 0.5, 6.75], "texture": "#1"}
			}
		},
		{
			"from": [2.9, -5.01, -2],
			"to": [4.9, -5.01, 2],
			"rotation": {"angle": 0, "axis": "y", "origin": [3.9, -5, 0]},
			"faces": {
				"north": {"uv": [3.5, 6.625, 3.25, 6.625], "texture": "#1"},
				"east": {"uv": [4, 6.625, 3.5, 6.625], "texture": "#1"},
				"south": {"uv": [4.25, 6.625, 4, 6.625], "texture": "#1"},
				"west": {"uv": [3.25, 6.625, 2.75, 6.625], "texture": "#1"},
				"up": {"uv": [3.25, 6.625, 3.5, 6.125], "texture": "#1"},
				"down": {"uv": [3.5, 6.125, 3.75, 6.625], "texture": "#1"}
			}
		},
		{
			"from": [2.75, -5, -2],
			"to": [4.75, 0, -2],
			"rotation": {"angle": 0, "axis": "y", "origin": [3.75, -5, -2]},
			"faces": {
				"north": {"uv": [7.5, 1.5, 7.25, 2.125], "texture": "#1"},
				"east": {"uv": [7.5, 1.5, 7.5, 2.125], "texture": "#1"},
				"south": {"uv": [7.75, 1.5, 7.5, 2.125], "texture": "#1"},
				"west": {"uv": [7.25, 1.5, 7.25, 2.125], "texture": "#1"},
				"up": {"uv": [7.25, 1.5, 7.5, 1.5], "texture": "#1"},
				"down": {"uv": [7.5, 1.5, 7.75, 1.5], "texture": "#1"}
			}
		},
		{
			"from": [5.25, -4.3, -1.99],
			"to": [7.25, -1.3, -1.99],
			"rotation": {"angle": -45, "axis": "z", "origin": [5.25, -1.8, -2]},
			"faces": {
				"north": {"uv": [3.5, 7.25, 3.75, 7.625], "texture": "#1"},
				"east": {"uv": [3.5, 7.25, 3.5, 7.625], "texture": "#1"},
				"south": {"uv": [3.75, 7.25, 4, 7.625], "texture": "#1"},
				"west": {"uv": [3.75, 7.25, 3.75, 7.625], "texture": "#1"},
				"up": {"uv": [3.75, 7.25, 3.5, 7.25], "texture": "#1"},
				"down": {"uv": [4, 7.25, 3.75, 7.25], "texture": "#1"}
			}
		},
		{
			"from": [0.45, -4.3, -1.99],
			"to": [2.45, -0.3, -1.99],
			"rotation": {"angle": 45, "axis": "z", "origin": [2.45, -1.8, -2]},
			"faces": {
				"north": {"uv": [3.25, 7.25, 3, 7.75], "texture": "#1"},
				"east": {"uv": [3.25, 7.25, 3.25, 7.75], "texture": "#1"},
				"south": {"uv": [3.5, 7.25, 3.25, 7.75], "texture": "#1"},
				"west": {"uv": [3, 7.25, 3, 7.75], "texture": "#1"},
				"up": {"uv": [3, 7.25, 3.25, 7.25], "texture": "#1"},
				"down": {"uv": [3.25, 7.25, 3.5, 7.25], "texture": "#1"}
			}
		},
		{
			"from": [11.1, -5.01, -2],
			"to": [13.1, -5.01, 2],
			"rotation": {"angle": 0, "axis": "y", "origin": [12.1, -5, 0]},
			"faces": {
				"north": {"uv": [3.25, 6.625, 3.5, 6.625], "texture": "#1"},
				"east": {"uv": [2.75, 6.625, 3.25, 6.625], "texture": "#1"},
				"south": {"uv": [4, 6.625, 4.25, 6.625], "texture": "#1"},
				"west": {"uv": [3.5, 6.625, 4, 6.625], "texture": "#1"},
				"up": {"uv": [3.5, 6.625, 3.25, 6.125], "texture": "#1"},
				"down": {"uv": [3.75, 6.125, 3.5, 6.625], "texture": "#1"}
			}
		},
		{
			"from": [11.25, -5, -2],
			"to": [13.25, 0, -2],
			"rotation": {"angle": 0, "axis": "y", "origin": [12.25, -5, -2]},
			"faces": {
				"north": {"uv": [7.25, 1.5, 7.5, 2.125], "texture": "#1"},
				"east": {"uv": [7.25, 1.5, 7.25, 2.125], "texture": "#1"},
				"south": {"uv": [7.5, 1.5, 7.75, 2.125], "texture": "#1"},
				"west": {"uv": [7.5, 1.5, 7.5, 2.125], "texture": "#1"},
				"up": {"uv": [7.5, 1.5, 7.25, 1.5], "texture": "#1"},
				"down": {"uv": [7.75, 1.5, 7.5, 1.5], "texture": "#1"}
			}
		},
		{
			"from": [8.75, -4.3, -1.99],
			"to": [10.75, -1.3, -1.99],
			"rotation": {"angle": 45, "axis": "z", "origin": [10.75, -1.8, -2]},
			"faces": {
				"north": {"uv": [3.75, 7.25, 3.5, 7.625], "texture": "#1"},
				"east": {"uv": [3.75, 7.25, 3.75, 7.625], "texture": "#1"},
				"south": {"uv": [4, 7.25, 3.75, 7.625], "texture": "#1"},
				"west": {"uv": [3.5, 7.25, 3.5, 7.625], "texture": "#1"},
				"up": {"uv": [3.5, 7.25, 3.75, 7.25], "texture": "#1"},
				"down": {"uv": [3.75, 7.25, 4, 7.25], "texture": "#1"}
			}
		},
		{
			"from": [13.55, -4.3, -1.99],
			"to": [15.55, -0.3, -1.99],
			"rotation": {"angle": -45, "axis": "z", "origin": [13.55, -1.8, -2]},
			"faces": {
				"north": {"uv": [3, 7.25, 3.25, 7.75], "texture": "#1"},
				"east": {"uv": [3, 7.25, 3, 7.75], "texture": "#1"},
				"south": {"uv": [3.25, 7.25, 3.5, 7.75], "texture": "#1"},
				"west": {"uv": [3.25, 7.25, 3.25, 7.75], "texture": "#1"},
				"up": {"uv": [3.25, 7.25, 3, 7.25], "texture": "#1"},
				"down": {"uv": [3.5, 7.25, 3.25, 7.25], "texture": "#1"}
			}
		},
		{
			"from": [11.75, 2.75, 5],
			"to": [13.75, 5.75, 8],
			"rotation": {"angle": 0, "axis": "y", "origin": [11.75, 3.75, 6]},
			"faces": {
				"north": {"uv": [6.625, 5.5, 6.875, 5.875], "texture": "#1"},
				"east": {"uv": [6.25, 5.5, 6.625, 5.875], "texture": "#1"},
				"south": {"uv": [7.25, 5.5, 7.5, 5.875], "texture": "#1"},
				"west": {"uv": [6.875, 5.5, 7.25, 5.875], "texture": "#1"},
				"up": {"uv": [6.875, 5.5, 6.625, 5.125], "texture": "#1"},
				"down": {"uv": [7.125, 5.125, 6.875, 5.5], "texture": "#1"}
			}
		},
		{
			"from": [13.75, 3.75, 5],
			"to": [14.75, 4.75, 8],
			"rotation": {"angle": 0, "axis": "y", "origin": [11.75, 4.75, 6]},
			"faces": {
				"north": {"uv": [4.375, 7.375, 4.5, 7.5], "texture": "#1"},
				"east": {"uv": [4, 7.375, 4.375, 7.5], "texture": "#1"},
				"south": {"uv": [4.875, 7.375, 5, 7.5], "texture": "#1"},
				"west": {"uv": [4.5, 7.375, 4.875, 7.5], "texture": "#1"},
				"up": {"uv": [4.5, 7.375, 4.375, 7], "texture": "#1"},
				"down": {"uv": [4.625, 7, 4.5, 7.375], "texture": "#1"}
			}
		},
		{
			"from": [2.25, 2.75, 5],
			"to": [4.25, 5.75, 8],
			"rotation": {"angle": 0, "axis": "y", "origin": [4.25, 3.75, 6]},
			"faces": {
				"north": {"uv": [6.875, 5.5, 6.625, 5.875], "texture": "#1"},
				"east": {"uv": [7.25, 5.5, 6.875, 5.875], "texture": "#1"},
				"south": {"uv": [7.5, 5.5, 7.25, 5.875], "texture": "#1"},
				"west": {"uv": [6.625, 5.5, 6.25, 5.875], "texture": "#1"},
				"up": {"uv": [6.625, 5.5, 6.875, 5.125], "texture": "#1"},
				"down": {"uv": [6.875, 5.125, 7.125, 5.5], "texture": "#1"}
			}
		},
		{
			"from": [1.25, 3.75, 5],
			"to": [2.25, 4.75, 8],
			"rotation": {"angle": 0, "axis": "y", "origin": [4.25, 4.75, 6]},
			"faces": {
				"north": {"uv": [4.5, 7.375, 4.375, 7.5], "texture": "#1"},
				"east": {"uv": [4.875, 7.375, 4.5, 7.5], "texture": "#1"},
				"south": {"uv": [5, 7.375, 4.875, 7.5], "texture": "#1"},
				"west": {"uv": [4.375, 7.375, 4, 7.5], "texture": "#1"},
				"up": {"uv": [4.375, 7.375, 4.5, 7], "texture": "#1"},
				"down": {"uv": [4.5, 7, 4.625, 7.375], "texture": "#1"}
			}
		},
		{
			"from": [5.9, -3, 0.75],
			"to": [9.9, 1, 1.75],
			"rotation": {"angle": 0, "axis": "y", "origin": [7.9, -1, 1.25]},
			"faces": {
				"north": {"uv": [2.875, 6.75, 3.375, 7.25], "texture": "#1"},
				"east": {"uv": [2.75, 6.75, 2.875, 7.25], "texture": "#1"},
				"south": {"uv": [3.5, 6.75, 4, 7.25], "texture": "#1"},
				"west": {"uv": [3.375, 6.75, 3.5, 7.25], "texture": "#1"},
				"up": {"uv": [3.375, 6.75, 2.875, 6.625], "texture": "#1"},
				"down": {"uv": [3.875, 6.625, 3.375, 6.75], "texture": "#1"}
			}
		},
		{
			"from": [7.55, 0.15, 0.7],
			"to": [8.3, 0.9, 0.7],
			"rotation": {"angle": 0, "axis": "y", "origin": [6.3, -1.1, 1.25]},
			"faces": {
				"north": {"uv": [0.125, 0.125, 0.125, 0.125], "texture": "#1"},
				"east": {"uv": [0.125, 0.125, 0.125, 0.125], "texture": "#1"},
				"south": {"uv": [0.125, 0.125, 0.125, 0.125], "texture": "#1"},
				"west": {"uv": [0.125, 0.125, 0.125, 0.125], "texture": "#1"},
				"up": {"uv": [0.125, 0.125, 0.125, 0.125], "texture": "#1"},
				"down": {"uv": [0.125, 0.125, 0.125, 0.125], "texture": "#1"}
			}
		},
		{
			"from": [8.8, -0.35, 0.7],
			"to": [9.55, 0.4, 0.7],
			"rotation": {"angle": 0, "axis": "y", "origin": [7.55, -1.6, 1.25]},
			"faces": {
				"north": {"uv": [0, 0, 0, 0], "texture": "#1"},
				"east": {"uv": [0, 0, 0, 0], "texture": "#1"},
				"south": {"uv": [0, 0, 0, 0], "texture": "#1"},
				"west": {"uv": [0, 0, 0, 0], "texture": "#1"},
				"up": {"uv": [0, 0, 0, 0], "texture": "#1"},
				"down": {"uv": [0, 0, 0, 0], "texture": "#1"}
			}
		},
		{
			"from": [6.3, -0.35, 0.7],
			"to": [7.05, 0.4, 0.7],
			"rotation": {"angle": 0, "axis": "y", "origin": [5.05, -1.6, 1.25]},
			"faces": {
				"north": {"uv": [0, 0, 0, 0], "texture": "#1"},
				"east": {"uv": [0, 0, 0, 0], "texture": "#1"},
				"south": {"uv": [0, 0, 0, 0], "texture": "#1"},
				"west": {"uv": [0, 0, 0, 0], "texture": "#1"},
				"up": {"uv": [0, 0, 0, 0], "texture": "#1"},
				"down": {"uv": [0, 0, 0, 0], "texture": "#1"}
			}
		},
		{
			"from": [6.9, -2, 0.15],
			"to": [8.9, 0, 1.15],
			"rotation": {"angle": 0, "axis": "y", "origin": [6.9, -3, -0.85]},
			"faces": {
				"north": {"uv": [7.375, 2.25, 7.625, 2.5], "texture": "#1"},
				"east": {"uv": [7.25, 2.25, 7.375, 2.5], "texture": "#1"},
				"south": {"uv": [7.75, 2.25, 8, 2.5], "texture": "#1"},
				"west": {"uv": [7.625, 2.25, 7.75, 2.5], "texture": "#1"},
				"up": {"uv": [7.625, 2.25, 7.375, 2.125], "texture": "#1"},
				"down": {"uv": [7.875, 2.125, 7.625, 2.25], "texture": "#1"}
			}
		},
		{
			"from": [7.1, -1.3, -0.45],
			"to": [8.7, -0.7, 0.15],
			"rotation": {"angle": 45, "axis": "z", "origin": [7.9, -1, -0.15]},
			"faces": {
				"north": {"uv": [7, 3.5, 7.125, 3.5], "texture": "#1"},
				"east": {"uv": [7, 3.5, 7, 3.5], "texture": "#1"},
				"south": {"uv": [7.125, 3.5, 7.25, 3.5], "texture": "#1"},
				"west": {"uv": [7.125, 3.5, 7.125, 3.5], "texture": "#1"},
				"up": {"uv": [7.125, 3.5, 7, 3.5], "texture": "#1"},
				"down": {"uv": [7.25, 3.5, 7.125, 3.5], "texture": "#1"}
			}
		},
		{
			"from": [12.1, 5.1, 5.4],
			"to": [12.9, 6.9, 6.2],
			"rotation": {"angle": 0, "axis": "y", "origin": [12, 5, 4.3]},
			"faces": {
				"north": {"uv": [0, 7.375, 0, 7.5], "texture": "#1"},
				"east": {"uv": [0, 7.375, 0, 7.5], "texture": "#1"},
				"south": {"uv": [0, 7.375, 0, 7.5], "texture": "#1"},
				"west": {"uv": [0, 7.375, 0, 7.5], "texture": "#1"},
				"up": {"uv": [0, 7.375, 0, 7.375], "texture": "#1"},
				"down": {"uv": [0, 7.375, 0, 7.375], "texture": "#1"}
			}
		},
		{
			"from": [8.65, 6, 5],
			"to": [9.65, 7, 8],
			"rotation": {"angle": 0, "axis": "y", "origin": [6.65, 5, 5]},
			"faces": {
				"north": {"uv": [7.375, 6.25, 7.5, 6.375], "texture": "#1"},
				"east": {"uv": [7, 6.25, 7.375, 6.375], "texture": "#1"},
				"south": {"uv": [7.875, 6.25, 8, 6.375], "texture": "#1"},
				"west": {"uv": [7.5, 6.25, 7.875, 6.375], "texture": "#1"},
				"up": {"uv": [7.5, 6.25, 7.375, 5.875], "texture": "#1"},
				"down": {"uv": [7.625, 5.875, 7.5, 6.25], "texture": "#1"}
			}
		},
		{
			"from": [6.1, 6, 5],
			"to": [7.1, 7, 8],
			"rotation": {"angle": 0, "axis": "y", "origin": [9.1, 5, 5]},
			"faces": {
				"north": {"uv": [7.5, 6.25, 7.375, 6.375], "texture": "#1"},
				"east": {"uv": [7.875, 6.25, 7.5, 6.375], "texture": "#1"},
				"south": {"uv": [8, 6.25, 7.875, 6.375], "texture": "#1"},
				"west": {"uv": [7.375, 6.25, 7, 6.375], "texture": "#1"},
				"up": {"uv": [7.375, 6.25, 7.5, 5.875], "texture": "#1"},
				"down": {"uv": [7.5, 5.875, 7.625, 6.25], "texture": "#1"}
			}
		},
		{
			"from": [2, -5, 12],
			"to": [14, 8, 16],
			"rotation": {"angle": 0, "axis": "y", "origin": [5, -5, 13]},
			"faces": {
				"north": {"uv": [0.5, 4.25, 2, 5.875], "texture": "#1"},
				"east": {"uv": [0, 4.25, 0.5, 5.875], "texture": "#1"},
				"south": {"uv": [2.5, 4.25, 4, 5.875], "texture": "#1"},
				"west": {"uv": [2, 4.25, 2.5, 5.875], "texture": "#1"},
				"up": {"uv": [2, 4.25, 0.5, 3.75], "texture": "#1"},
				"down": {"uv": [3.5, 3.75, 2, 4.25], "texture": "#1"}
			}
		},
		{
			"from": [5, 8.6, 13.55],
			"to": [11, 9.6, 14.55],
			"rotation": {"angle": 0, "axis": "y", "origin": [-2, -5.4, 11.55]},
			"faces": {
				"north": {"uv": [2.875, 6, 3.625, 6.125], "texture": "#1"},
				"east": {"uv": [2.75, 6, 2.875, 6.125], "texture": "#1"},
				"south": {"uv": [3.75, 6, 4.5, 6.125], "texture": "#1"},
				"west": {"uv": [3.625, 6, 3.75, 6.125], "texture": "#1"},
				"up": {"uv": [3.625, 6, 2.875, 5.875], "texture": "#1"},
				"down": {"uv": [4.375, 5.875, 3.625, 6], "texture": "#1"}
			}
		},
		{
			"from": [10, 8, 12],
			"to": [12, 10, 16],
			"rotation": {"angle": 0, "axis": "y", "origin": [4, -5, 13]},
			"faces": {
				"north": {"uv": [6, 3.5, 6.25, 3.75], "texture": "#1"},
				"east": {"uv": [5.5, 3.5, 6, 3.75], "texture": "#1"},
				"south": {"uv": [6.75, 3.5, 7, 3.75], "texture": "#1"},
				"west": {"uv": [6.25, 3.5, 6.75, 3.75], "texture": "#1"},
				"up": {"uv": [6.25, 3.5, 6, 3], "texture": "#1"},
				"down": {"uv": [6.5, 3, 6.25, 3.5], "texture": "#1"}
			}
		},
		{
			"from": [4, 8, 12],
			"to": [6, 10, 16],
			"rotation": {"angle": 0, "axis": "y", "origin": [12, -5, 13]},
			"faces": {
				"north": {"uv": [6.25, 3.5, 6, 3.75], "texture": "#1"},
				"east": {"uv": [6.75, 3.5, 6.25, 3.75], "texture": "#1"},
				"south": {"uv": [7, 3.5, 6.75, 3.75], "texture": "#1"},
				"west": {"uv": [6, 3.5, 5.5, 3.75], "texture": "#1"},
				"up": {"uv": [6, 3.5, 6.25, 3], "texture": "#1"},
				"down": {"uv": [6.25, 3, 6.5, 3.5], "texture": "#1"}
			}
		},
		{
			"from": [12, 8, 13],
			"to": [14, 9, 15],
			"rotation": {"angle": 0, "axis": "y", "origin": [12, 8, 13]},
			"faces": {
				"north": {"uv": [7.25, 6.625, 7.5, 6.75], "texture": "#1"},
				"east": {"uv": [7, 6.625, 7.25, 6.75], "texture": "#1"},
				"south": {"uv": [7.75, 6.625, 8, 6.75], "texture": "#1"},
				"west": {"uv": [7.5, 6.625, 7.75, 6.75], "texture": "#1"},
				"up": {"uv": [7.5, 6.625, 7.25, 6.375], "texture": "#1"},
				"down": {"uv": [7.75, 6.375, 7.5, 6.625], "texture": "#1"}
			}
		},
		{
			"from": [12.16, 8.21, 13.01],
			"to": [13.34, 11.39, 14.19],
			"rotation": {"angle": -22.5, "axis": "x", "origin": [12.75, 9.8, 13.6]},
			"faces": {
				"north": {"uv": [5.625, 6.5, 5.75, 6.875], "texture": "#1"},
				"east": {"uv": [5.5, 6.5, 5.625, 6.875], "texture": "#1"},
				"south": {"uv": [5.875, 6.5, 6, 6.875], "texture": "#1"},
				"west": {"uv": [5.75, 6.5, 5.875, 6.875], "texture": "#1"},
				"up": {"uv": [5.75, 6.5, 5.625, 6.375], "texture": "#1"},
				"down": {"uv": [5.875, 6.375, 5.75, 6.5], "texture": "#1"}
			}
		},
		{
			"from": [12.15, 10.96578, 11.23422],
			"to": [13.35, 12.16578, 13.43422],
			"rotation": {"angle": 22.5, "axis": "x", "origin": [12.75, 11.56578, 11.83422]},
			"faces": {
				"north": {"uv": [2.25, 7, 2.375, 7.125], "texture": "#1"},
				"east": {"uv": [2, 7, 2.25, 7.125], "texture": "#1"},
				"south": {"uv": [2.625, 7, 2.75, 7.125], "texture": "#1"},
				"west": {"uv": [2.375, 7, 2.625, 7.125], "texture": "#1"},
				"up": {"uv": [2.375, 7, 2.25, 6.75], "texture": "#1"},
				"down": {"uv": [2.5, 6.75, 2.375, 7], "texture": "#1"}
			}
		},
		{
			"from": [12.15, 10.5831, 8.6609],
			"to": [13.35, 11.7831, 11.8609],
			"rotation": {"angle": -22.5, "axis": "x", "origin": [12.75, 11.1831, 10.2609]},
			"faces": {
				"north": {"uv": [5.875, 7.25, 6, 7.375], "texture": "#1"},
				"east": {"uv": [5.5, 7.25, 5.875, 7.375], "texture": "#1"},
				"south": {"uv": [6.375, 7.25, 6.5, 7.375], "texture": "#1"},
				"west": {"uv": [6, 7.25, 6.375, 7.375], "texture": "#1"},
				"up": {"uv": [6, 7.25, 5.875, 6.875], "texture": "#1"},
				"down": {"uv": [6.125, 6.875, 6, 7.25], "texture": "#1"}
			}
		},
		{
			"from": [11.18338, 7.85056, 8.53618],
			"to": [12.38338, 11.05056, 9.73618],
			"rotation": {"angle": -22.5, "axis": "z", "origin": [11.78338, 8.45056, 9.13618]},
			"faces": {
				"north": {"uv": [2.625, 7.375, 2.75, 7.75], "texture": "#1"},
				"east": {"uv": [2.5, 7.375, 2.625, 7.75], "texture": "#1"},
				"south": {"uv": [2.875, 7.375, 3, 7.75], "texture": "#1"},
				"west": {"uv": [2.75, 7.375, 2.875, 7.75], "texture": "#1"},
				"up": {"uv": [2.75, 7.375, 2.625, 7.25], "texture": "#1"},
				"down": {"uv": [2.875, 7.25, 2.75, 7.375], "texture": "#1"}
			}
		},
		{
			"from": [10.98944, 3.91585, 8.52618],
			"to": [12.20944, 8.13585, 9.74618],
			"rotation": {"angle": 0, "axis": "y", "origin": [11.59944, 4.52585, 9.13618]},
			"faces": {
				"north": {"uv": [5.125, 7.125, 5.25, 7.625], "texture": "#1"},
				"east": {"uv": [5, 7.125, 5.125, 7.625], "texture": "#1"},
				"south": {"uv": [5.375, 7.125, 5.5, 7.625], "texture": "#1"},
				"west": {"uv": [5.25, 7.125, 5.375, 7.625], "texture": "#1"},
				"up": {"uv": [5.25, 7.125, 5.125, 7], "texture": "#1"},
				"down": {"uv": [5.375, 7, 5.25, 7.125], "texture": "#1"}
			}
		},
		{
			"from": [10.5, 5, 8.1],
			"to": [12.5, 6, 10.1],
			"rotation": {"angle": 0, "axis": "y", "origin": [10.5, 5, 8.1]},
			"faces": {
				"north": {"uv": [1.25, 7.5, 1.5, 7.625], "texture": "#1"},
				"east": {"uv": [1, 7.5, 1.25, 7.625], "texture": "#1"},
				"south": {"uv": [1.75, 7.5, 2, 7.625], "texture": "#1"},
				"west": {"uv": [1.5, 7.5, 1.75, 7.625], "texture": "#1"},
				"up": {"uv": [1.5, 7.5, 1.25, 7.25], "texture": "#1"},
				"down": {"uv": [1.75, 7.25, 1.5, 7.5], "texture": "#1"}
			}
		},
		{
			"from": [3.5, 5, 8.1],
			"to": [5.5, 6, 10.1],
			"rotation": {"angle": 0, "axis": "y", "origin": [5.5, 5, 8.1]},
			"faces": {
				"north": {"uv": [1.5, 7.5, 1.25, 7.625], "texture": "#1"},
				"east": {"uv": [1.75, 7.5, 1.5, 7.625], "texture": "#1"},
				"south": {"uv": [2, 7.5, 1.75, 7.625], "texture": "#1"},
				"west": {"uv": [1.25, 7.5, 1, 7.625], "texture": "#1"},
				"up": {"uv": [1.25, 7.5, 1.5, 7.25], "texture": "#1"},
				"down": {"uv": [1.5, 7.25, 1.75, 7.5], "texture": "#1"}
			}
		},
		{
			"from": [1.5, 6.85, 13],
			"to": [3.5, 8.85, 15],
			"rotation": {"angle": -45, "axis": "z", "origin": [2, 7.85, 14]},
			"faces": {
				"north": {"uv": [1.25, 7, 1.5, 7.25], "texture": "#1"},
				"east": {"uv": [1, 7, 1.25, 7.25], "texture": "#1"},
				"south": {"uv": [1.75, 7, 2, 7.25], "texture": "#1"},
				"west": {"uv": [1.5, 7, 1.75, 7.25], "texture": "#1"},
				"up": {"uv": [1.5, 7, 1.25, 6.75], "texture": "#1"},
				"down": {"uv": [1.75, 6.75, 1.5, 7], "texture": "#1"}
			}
		},
		{
			"from": [1.15139, 8.4891, 11.62654],
			"to": [2.35139, 9.6891, 14.82654],
			"rotation": {"angle": 22.5, "axis": "x", "origin": [1.75139, 9.0891, 12.22654]},
			"faces": {
				"north": {"uv": [6.875, 7.25, 7, 7.375], "texture": "#1"},
				"east": {"uv": [6.5, 7.25, 6.875, 7.375], "texture": "#1"},
				"south": {"uv": [7.375, 7.25, 7.5, 7.375], "texture": "#1"},
				"west": {"uv": [7, 7.25, 7.375, 7.375], "texture": "#1"},
				"up": {"uv": [7, 7.25, 6.875, 6.875], "texture": "#1"},
				"down": {"uv": [7.125, 6.875, 7, 7.25], "texture": "#1"}
			}
		},
		{
			"from": [1.80935, 8.67304, 8.594],
			"to": [3.00935, 9.87304, 11.794],
			"rotation": {"angle": -22.5, "axis": "y", "origin": [2.40935, 9.27304, 10.194]},
			"faces": {
				"north": {"uv": [7.375, 3.375, 7.5, 3.5], "texture": "#1"},
				"east": {"uv": [7, 3.375, 7.375, 3.5], "texture": "#1"},
				"south": {"uv": [7.875, 3.375, 8, 3.5], "texture": "#1"},
				"west": {"uv": [7.5, 3.375, 7.875, 3.5], "texture": "#1"},
				"up": {"uv": [7.5, 3.375, 7.375, 3], "texture": "#1"},
				"down": {"uv": [7.625, 3, 7.5, 3.375], "texture": "#1"}
			}
		},
		{
			"from": [4.21662, 6.60056, 8.48618],
			"to": [5.41662, 9.80056, 9.68618],
			"rotation": {"angle": 22.5, "axis": "z", "origin": [4.81662, 5.20056, 9.08618]},
			"faces": {
				"north": {"uv": [7.375, 2.625, 7.5, 3], "texture": "#1"},
				"east": {"uv": [7.25, 2.625, 7.375, 3], "texture": "#1"},
				"south": {"uv": [7.625, 2.625, 7.75, 3], "texture": "#1"},
				"west": {"uv": [7.5, 2.625, 7.625, 3], "texture": "#1"},
				"up": {"uv": [7.5, 2.625, 7.375, 2.5], "texture": "#1"},
				"down": {"uv": [7.625, 2.5, 7.5, 2.625], "texture": "#1"}
			}
		},
		{
			"from": [3.63619, 2.52461, 8.48718],
			"to": [4.83419, 6.72261, 9.68518],
			"rotation": {"angle": 0, "axis": "y", "origin": [4.23519, 1.12361, 9.08618]},
			"faces": {
				"north": {"uv": [2.125, 7.25, 2.25, 7.75], "texture": "#1"},
				"east": {"uv": [2, 7.25, 2.125, 7.75], "texture": "#1"},
				"south": {"uv": [2.375, 7.25, 2.5, 7.75], "texture": "#1"},
				"west": {"uv": [2.25, 7.25, 2.375, 7.75], "texture": "#1"},
				"up": {"uv": [2.25, 7.25, 2.125, 7.125], "texture": "#1"},
				"down": {"uv": [2.375, 7.125, 2.25, 7.25], "texture": "#1"}
			}
		}
	],
	"display": {
		"thirdperson_righthand": {
			"rotation": [75, 135, 0],
			"translation": [0, 2.5, 2.5],
			"scale": [0.3, 0.3, 0.3]
		},
		"thirdperson_lefthand": {
			"rotation": [75, 135, 0],
			"translation": [0, 2.5, 2.5],
			"scale": [0.3, 0.3, 0.3]
		},
		"firstperson_righthand": {
			"rotation": [0, 120, 0],
			"translation": [2.5, 3.75, 0],
			"scale": [0.4, 0.4, 0.4]
		},
		"firstperson_lefthand": {
			"rotation": [0, 120, 0],
			"translation": [2.5, 3.75, 0],
			"scale": [0.4, 0.4, 0.4]
		},
		"ground": {
			"translation": [0, 2, 0],
			"scale": [0.25, 0.25, 0.25]
		},
		"gui": {
			"rotation": [30, 225, 0],
			"translation": [0, -0.75, 0],
			"scale": [0.425, 0.425, 0.425]
		},
		"fixed": {
			"translation": [0, -1, -3],
			"scale": [0.5, 0.5, 0.5]
		}
	},
	"groups": [
		{
			"name": "cramomatic",
			"origin": [-14.55, 1, 2.75],
			"color": 0,
			"children": [
				{
					"name": "upper",
					"origin": [-14.55, 1, 2.75],
					"color": 0,
					"children": [
						0,
						1,
						2,
						3,
						4,
						5,
						{
							"name": "beak",
							"origin": [-8.1, 20.7, -2],
							"color": 0,
							"children": [6, 7, 8, 9]
						},
						10,
						11,
						12
					]
				},
				{
					"name": "lower",
					"origin": [-6.9, 10, 5],
					"color": 0,
					"children": [
						13,
						14,
						15,
						16,
						17,
						18,
						19,
						20,
						21,
						22,
						23,
						24,
						25,
						26,
						27,
						28,
						29,
						30,
						31,
						32,
						33,
						34,
						35,
						36,
						37,
						38,
						{
							"name": "right_leg",
							"origin": [-2.45, 3.2, -2],
							"color": 0,
							"children": []
						},
						{
							"name": "right_leg",
							"origin": [-2.45, 3.2, -2],
							"color": 0,
							"children": []
						},
						{
							"name": "gas",
							"origin": [-18, 0, 13],
							"color": 0,
							"children": [
								39,
								40,
								41,
								42,
								{
									"name": "right tube",
									"origin": [-4.40056, 9.92585, 9.33618],
									"color": 0,
									"children": [43, 44, 45, 46, 47, 48, 49, 50]
								},
								{
									"name": "left tube",
									"origin": [-4.40056, 9.92585, 9.33618],
									"color": 0,
									"children": [51, 52, 53, 54, 55]
								}
							]
						}
					]
				}
			]
		}
	]
}